word,cefr,part_of_speech,definition,example,phonetic,audio_url,source_url
about,A1,preposition,You use about to say what subject something is related to.,Let's not talk about her problems.,/ə'baʊ̯t/,https://commons.wikimedia.org/wiki/Special:Redirect/file/en-us-about.ogg,https://en.wiktionary.org/wiki/about
above,A1,preposition,"If A is above B, A is higher than or before B, but not touching B.","In a newspaper, the title of a story is usually above the story.",/əˈbʌv/,https://commons.wikimedia.org/wiki/Special:Redirect/file/en-us-above.ogg,https://en.wiktionary.org/wiki/above
action,A1,noun,"An action is something that you do, or something that happens, especially with motion.","At 3 am, just west of the building, the plan was put into action.",/ˈæk.ʃən/,https://commons.wikimedia.org/wiki/Special:Redirect/file/en-us-action.ogg,https://en.wiktionary.org/wiki/action
activity,A1,noun,"When a person or animal has activity, it is active or lively.",The sleeping dog did not show much activity.,/ækˈtɪ.vɪ.ti/,https://commons.wikimedia.org/wiki/Special:Redirect/file/en-us-activity.ogg,https://en.wiktionary.org/wiki/activity
actor,A1,noun,An actor is a person (usually male) who performs as a character in a play or other theatrical work. A female performer is called either an actress or an actor.,The actor received a Tony Award.,/ˈæk.tɚ/,https://commons.wikimedia.org/wiki/Special:Redirect/file/en-us-actor.ogg,https://en.wiktionary.org/wiki/actor
add,A1,verb,"If you add x to y, you put x and y together.","Cook for five minutes, then add the remaining spices to the soup.",/æd/,https://commons.wikimedia.org/wiki/Special:Redirect/file/en-us-add.ogg,https://en.wiktionary.org/wiki/add
afraid,A1,adjective,To be afraid of someone or something means to be scared of someone or something; to have a fear of someone or something.,I'm afraid of snakes. I can't even go near them.,/əˈfreɪd/,https://commons.wikimedia.org/wiki/Special:Redirect/file/en-us-afraid.ogg,https://en.wiktionary.org/wiki/afraid
after,A1,preposition,Behind something in place or position.,"""B"" comes after ""A"" in the alphabet.",/ˈæf.tɚ/,https://commons.wikimedia.org/wiki/Special:Redirect/file/en-us-after.ogg,https://en.wiktionary.org/wiki/after
afternoon,A1,noun,Period between midday to sunset.,"I didn't finish that work in the morning, so I had to do it in the afternoon.",/ˌæftɚˈnuːn/,https://commons.wikimedia.org/wiki/Special:Redirect/file/en-us-afternoon.ogg,https://en.wiktionary.org/wiki/afternoon
age,A1,noun,Something's age is how long it has existed or been alive; how old something is.,The boy said he was age five.,/eɪd͡ʒ/,https://commons.wikimedia.org/wiki/Special:Redirect/file/en-us-age.ogg,https://en.wiktionary.org/wiki/age
agree,A1,verb,"When two people agree about something, they have the same ideas. They both think the same things are true.",We agree that it will probably rain this afternoon.,/əˈɡri/,https://commons.wikimedia.org/wiki/Special:Redirect/file/en-us-agree.ogg,https://en.wiktionary.org/wiki/agree
airplane,A1,noun,An airplane is a vehicle with wings that can fly.,Can we hurry? I have to catch an airplane to Miami.,/ˈɛərˌpleɪ̯n/,https://commons.wikimedia.org/wiki/Special:Redirect/file/en-us-airplane.ogg,https://en.wiktionary.org/wiki/airplane
airport,A1,noun,An airport is a place where airplanes land and take off.,I took a taxi to the airport for my flight to London.,/ˈeɪrpɔrt/,https://commons.wikimedia.org/wiki/Special:Redirect/file/en-us-airport.ogg,https://en.wiktionary.org/wiki/airport
all,A1,determiner,"All of something is 100% of it, or the entire amount.","Well, you could stay in bed all day on Friday. And I could take the kids to school.",/ɑ:l/,https://commons.wikimedia.org/wiki/Special:Redirect/file/en-us-all.ogg,https://en.wiktionary.org/wiki/all
all right,A1,adjective,"When something is all right, that means that it is in good condition.",My car is all right.,/ˌɔːlˈraɪt/,https://commons.wikimedia.org/wiki/Special:Redirect/file/en-us-alright.ogg,https://en.wiktionary.org/wiki/all_right
all right,A1,adverb,Something that went quite well.,"The soccer tournament went all right, I guess.",/ˌɔːlˈraɪt/,https://commons.wikimedia.org/wiki/Special:Redirect/file/en-us-alright.ogg,https://en.wiktionary.org/wiki/all_right
almost,A1,adverb,"Very nearly; not the same, but near to being the same.",I am almost ready to go. I will be ready very soon.,/ˈɔːlmoʊst/,https://commons.wikimedia.org/wiki/Special:Redirect/file/en-us-inlandnorth-almost.ogg,https://en.wiktionary.org/wiki/almost
already,A1,adverb,before a certain time (often now),"When we met, his first wife was already dead.",/ɔːlˈrɛdi/,https://commons.wikimedia.org/wiki/Special:Redirect/file/en-us-already.ogg,https://en.wiktionary.org/wiki/already
also,A1,adverb,"When one thing happens and a second thing happens in a same or similar time or way, then the second thing also happens.",We bought bread at the store. We also bought milk.,/ˈɔːlsoʊ/,https://commons.wikimedia.org/wiki/Special:Redirect/file/en-us-also.ogg,https://en.wiktionary.org/wiki/also
always,A1,adverb,"If something always happens, it happens at all times or every time.","For all of my life, the sun has always risen every day.",/ˈɔːl.weɪz/,https://commons.wikimedia.org/wiki/Special:Redirect/file/en-us-always.ogg,https://en.wiktionary.org/wiki/always
angry,A1,adjective,Upset in an aggressive way.,"He embarrassed her, so she was angry.",/ˈæŋgri/,https://commons.wikimedia.org/wiki/Special:Redirect/file/en-us-angry.ogg,https://en.wiktionary.org/wiki/angry
animal,A1,noun,"An animal is any living thing that can move. People are not animals, but are said to be animals, under the scientific definition. .","Dogs, elephants, and horses are all animals.",/ˈænəməl/,https://commons.wikimedia.org/wiki/Special:Redirect/file/en-us-animal.ogg,https://en.wiktionary.org/wiki/animal
answer,A1,noun,An answer is something that someone says after another person asks (says) a question.,"The answer to your question is ""no"".",/ˈænsɚ/,https://commons.wikimedia.org/wiki/Special:Redirect/file/en-us-answer.ogg,https://en.wiktionary.org/wiki/answer
answer,A1,verb,To respond.,He answers all my questions.,/ˈænsɚ/,https://commons.wikimedia.org/wiki/Special:Redirect/file/en-us-answer.ogg,https://en.wiktionary.org/wiki/answer
apple,A1,noun,"An apple is a sweet, red, yellow or green fruit.",I gave my teacher an apple.,/ˈæpəl/,https://commons.wikimedia.org/wiki/Special:Redirect/file/en-us-apple.ogg,https://en.wiktionary.org/wiki/apple
apron,A1,noun,An apron is a piece of clothing that is worn to protect from spills.,Chefs at this restaurant are required to wear aprons.,/ˈeɪ.prən/,https://commons.wikimedia.org/wiki/Special:Redirect/file/en-us-apron.ogg,https://en.wiktionary.org/wiki/apron
around,A1,preposition,"If x is around y, y is in the middle and x is on all sides of y.",The moon circles around the Earth.,/əˈraʊnd/,https://commons.wikimedia.org/wiki/Special:Redirect/file/en-us-around.ogg,https://en.wiktionary.org/wiki/around
arrive,A1,verb,"If you arrive somewhere, you come to that place, usually the place that you planned to go to.",Is everything ready? I expect the guests to arrive soon.,/əˈraɪv/,https://commons.wikimedia.org/wiki/Special:Redirect/file/en-us-arrive.ogg,https://en.wiktionary.org/wiki/arrive
art,A1,noun,An art is a skill that produces works of creative expression and can be mastered through study and practice. Arts are often contrasted with sciences.,"Painting, music and writing are arts.",/ɑːt/,https://commons.wikimedia.org/wiki/Special:Redirect/file/en-us-art.ogg,https://en.wiktionary.org/wiki/art
article,A1,noun,An article is a member of a larger group.,A shirt is an article of clothing.,/ˈɑrtɪkl̩/,https://commons.wikimedia.org/wiki/Special:Redirect/file/en-us-article.ogg,https://en.wiktionary.org/wiki/article
ask,A1,verb,To ask is to look for an answer to a question by saying it.,She sure does ask a lot of questions!,/æsk/,https://commons.wikimedia.org/wiki/Special:Redirect/file/en-us-ask.ogg,https://en.wiktionary.org/wiki/ask
aunt,A1,noun,Your aunt is the sister of your mother or father.,"After my parents died, we went to live with my aunt.",/ˈænt/,https://commons.wikimedia.org/wiki/Special:Redirect/file/en-us-aunt.ogg,https://en.wiktionary.org/wiki/aunt
awake,A1,adjective,"If you are awake, you are not asleep.",It was 1:00 AM and Gerard was still awake.,/ə'weɪk/,https://commons.wikimedia.org/wiki/Special:Redirect/file/en-us-awake.ogg,https://en.wiktionary.org/wiki/awake
baby,A1,noun,"A baby is a very young child, less than two years old, who has not yet learned how to speak.",I used to be a baby but now I am an adult.,/ˈbeɪbi/,https://commons.wikimedia.org/wiki/Special:Redirect/file/en-us-baby.ogg,https://en.wiktionary.org/wiki/baby
back,A1,noun,The back is the rear part of something; it is the part in the other direction from the front.,I went to the back of the house.,/ˈbæk/,https://commons.wikimedia.org/wiki/Special:Redirect/file/en-us-back.ogg,https://en.wiktionary.org/wiki/back
bad,A1,adjective,"If something is bad, it is not good.",The man who killed his wife was very bad.,/bæd/,https://commons.wikimedia.org/wiki/Special:Redirect/file/en-us-bad.ogg,https://en.wiktionary.org/wiki/bad
bag,A1,noun,"Bags are containers made of soft material like paper, plastic or leather.",I put the garbage in a black plastic bag.,/ˈbɛɡ/,https://commons.wikimedia.org/wiki/Special:Redirect/file/en-us-bag.ogg,https://en.wiktionary.org/wiki/bag
ball,A1,noun,A ball is a round thing. People often use them to play games.,The croquet ball was hit through the wicket and the game was over.,/bɔːl/,https://commons.wikimedia.org/wiki/Special:Redirect/file/en-us-ball.ogg,https://en.wiktionary.org/wiki/ball
band,A1,noun,A band is a group of people working together.,Those in the army who fought closely together in the war were called a band of brothers.,/bænd/,https://commons.wikimedia.org/wiki/Special:Redirect/file/en-us-band.ogg,https://en.wiktionary.org/wiki/band
bank,A1,noun,A building where you can keep and borrow money.,I have to stop at the bank to deposit my check and get money for tonight.,/bæŋk/,https://commons.wikimedia.org/wiki/Special:Redirect/file/en-us-bank.ogg,https://en.wiktionary.org/wiki/bank
bar,A1,noun,A bar is a place that sells alcoholic drinks.,I'm going to drink beer at the bar.,/bɑr/,https://commons.wikimedia.org/wiki/Special:Redirect/file/en-us-bar.ogg,https://en.wiktionary.org/wiki/bar
baseball,A1,noun,"A sport where you try to hit a ball so that you can run to four bases, causing a run. The team with the most runs after nine or more innings wins.",The New York Yankees are a baseball team.,/ˈbeɪs.bɔl/,https://commons.wikimedia.org/wiki/Special:Redirect/file/en-us-baseball.ogg,https://en.wiktionary.org/wiki/baseball
basketball,A1,noun,A ball game with two teams of five players. A goal is scored when a player throws the ball into a net (attached to a hoop) at each end of the court.,I play on my school's basketball team.,/ˈbæs.kɪt.bɔːl/,https://commons.wikimedia.org/wiki/Special:Redirect/file/en-us-basketball.ogg,https://en.wiktionary.org/wiki/basketball
bath,A1,noun,"A long, high basin that you put water in and go in to wash your body.",Jane put in water up to the top of the bath.,/bɑːθ/,https://commons.wikimedia.org/wiki/Special:Redirect/file/en-us-bath.ogg,https://en.wiktionary.org/wiki/bath
bathroom,A1,noun,A bathroom is a room that has a bathtub or a shower.,"In our house, the bathroom is very busy in the morning.",/ˈbæθruːm/,https://commons.wikimedia.org/wiki/Special:Redirect/file/en-us-bathroom.ogg,https://en.wiktionary.org/wiki/bathroom
beach,A1,noun,"A large area of sand (or very small stones), next to an area of water.","People sometimes lie on beaches when they are on holiday, to get a suntan.",/bit͡ʃ/,https://commons.wikimedia.org/wiki/Special:Redirect/file/en-us-beach.ogg,https://en.wiktionary.org/wiki/beach
bean,A1,noun,Beans are the seeds of one family of plants that people often cook and eat.,Put the dried beans in water overnight. They should be soft and ready to cook in the morning.,/biːn/,https://commons.wikimedia.org/wiki/Special:Redirect/file/en-us-bean.ogg,https://en.wiktionary.org/wiki/bean
bear,A1,noun,"A bear is a big animal with a short tail. They either eat only meat or meat and plants. There are many different types of bears, for example brown bears and polar bears.",Polar bears are white.,/bɛɚ/,https://commons.wikimedia.org/wiki/Special:Redirect/file/en-us-bear.ogg,https://en.wiktionary.org/wiki/bear
beautiful,A1,adjective,"If something is beautiful, it is very good to look at it.",Look at that beautiful bird!,/ˈbjuːtɪfəl/,https://commons.wikimedia.org/wiki/Special:Redirect/file/en-us-beautiful.ogg,https://en.wiktionary.org/wiki/beautiful
become,A1,verb,"If x becomes y, it changes into y or changes to be more y.",The boy has become a man.,"/bə'kʌm, bɪˈkʌm/",https://commons.wikimedia.org/wiki/Special:Redirect/file/en-us-become.ogg,https://en.wiktionary.org/wiki/become
bed,A1,noun,A piece of furniture to sleep on.,"At night, I go to bed.",/bɛd/,https://commons.wikimedia.org/wiki/Special:Redirect/file/en-us-bed.ogg,https://en.wiktionary.org/wiki/bed
bedroom,A1,noun,A room in a house that is used for sleeping. This is where the bed is kept.,"I hate camping. I wish I was back in my bedroom, sleeping in my own bed.",/ˈbɛdˌrum/,https://commons.wikimedia.org/wiki/Special:Redirect/file/en-us-bedroom.ogg,https://en.wiktionary.org/wiki/bedroom
bee,A1,noun,A bee is a black and yellow striped insect with wings that makes honey. It has a stinger.,That bee is flying to the flower.,/biː/,https://commons.wikimedia.org/wiki/Special:Redirect/file/en-us-bee.ogg,https://en.wiktionary.org/wiki/bee
before,A1,preposition,"If x happens before y, x happens first and y happens second.",He worked in a gas station before he became famous.,/bəˈfɔr/,https://commons.wikimedia.org/wiki/Special:Redirect/file/en-us-before.ogg,https://en.wiktionary.org/wiki/before
begin,A1,verb,"When you begin something, you start to do the first part of a longer action.",A journey always begins with a first step.,/bɪˈɡɪn/,https://commons.wikimedia.org/wiki/Special:Redirect/file/en-us-begin.ogg,https://en.wiktionary.org/wiki/begin
behind,A1,preposition,"When something is behind a second thing, the first thing is in back of the second.",The ball is behind the box.,/bɪˈhaɪnd/,https://commons.wikimedia.org/wiki/Special:Redirect/file/en-us-behind.ogg,https://en.wiktionary.org/wiki/behind
believe,A1,verb,"When you believe, you have faith in something.",He believes in one God.,/bɪˈliːv/,https://commons.wikimedia.org/wiki/Special:Redirect/file/en-us-believe.ogg,https://en.wiktionary.org/wiki/believe
bell,A1,noun,A bell is an object that is shaped like a cup that makes a ringing sound when hit.,The church bell is ringing.,/bɛl/,https://commons.wikimedia.org/wiki/Special:Redirect/file/en-us-bell.ogg,https://en.wiktionary.org/wiki/bell
best,A1,adjective,The superlative form of good; most good.,"William is the best football player on our team.
Synonym: top

Antonym: worst",/bɛst/,https://commons.wikimedia.org/wiki/Special:Redirect/file/en-us-best.ogg,https://en.wiktionary.org/wiki/best
best,A1,adverb,The superlative form of well; most well.,"I'm feeling the best that I have in a while.
Antonym: worst",/bɛst/,https://commons.wikimedia.org/wiki/Special:Redirect/file/en-us-best.ogg,https://en.wiktionary.org/wiki/best
better,A1,adjective,The comparative form of good; more good.,I am a better person than you are.,/ˈbɛt.ɚ/,https://commons.wikimedia.org/wiki/Special:Redirect/file/en-us-better.ogg,https://en.wiktionary.org/wiki/better
bicycle,A1,noun,A bicycle is a vehicle with two wheels. You use your legs to make it move.,I learned to ride a bicycle when I was six years old.,/ˈbaɪsɪkl̩/,https://commons.wikimedia.org/wiki/Special:Redirect/file/en-us-bicycle.ogg,https://en.wiktionary.org/wiki/bicycle
big,A1,adjective,"If something is big, it is large in size; tall, wide, long, or fat.",He's bigger than me.,/bɪɡ/,https://commons.wikimedia.org/wiki/Special:Redirect/file/en-us-big.ogg,https://en.wiktionary.org/wiki/big
bird,A1,noun,A bird is a warm-blooded animal that has feathers and wings and lays eggs. Most birds can fly.,"A sparrow is a bird and so is a penguin, even though it cannot fly.",/bɝd/,https://commons.wikimedia.org/wiki/Special:Redirect/file/en-us-bird.ogg,https://en.wiktionary.org/wiki/bird
birth,A1,noun,A birth is when a new baby comes out of its mother.,My mother gave birth to my brother at 12:00 on Dec. 31st.,/bɝθ/,https://commons.wikimedia.org/wiki/Special:Redirect/file/en-us-birth.ogg,https://en.wiktionary.org/wiki/birth
birthday,A1,noun,The day you were born.,They will need your birthday on the application.,/ˈbɝːθ.deɪ/,https://commons.wikimedia.org/wiki/Special:Redirect/file/en-us-birthday.ogg,https://en.wiktionary.org/wiki/birthday
biscuit,A1,noun,A biscuit is a cookie.,He brought along homemade biscuits for the picnic.,/ˈbɪskɪt/,https://commons.wikimedia.org/wiki/Special:Redirect/file/en-us-biscuit.ogg,https://en.wiktionary.org/wiki/biscuit
block,A1,noun,"A block is a hard piece of material, usually with six smooth sides.","When I was young, I liked building things with wooden blocks.",/blɒk/,https://commons.wikimedia.org/wiki/Special:Redirect/file/en-us-block.ogg,https://en.wiktionary.org/wiki/block
blow,A1,verb,"If wind, air, etc. blows, it moves.",The wind is blowing and the trees are moving.,/blɔʊ/,https://commons.wikimedia.org/wiki/Special:Redirect/file/en-us-blow.ogg,https://en.wiktionary.org/wiki/blow
blue,A1,adjective,"If you are blue, you are sad.",He was very blue that day.,/bluː/,https://commons.wikimedia.org/wiki/Special:Redirect/file/en-us-blue.ogg,https://en.wiktionary.org/wiki/blue
blue,A1,noun,One of the colors people can see,The sky was a deep blue above her and golden yellow beyond the village.,/bluː/,https://commons.wikimedia.org/wiki/Special:Redirect/file/en-us-blue.ogg,https://en.wiktionary.org/wiki/blue
board,A1,noun,A board is a group of people who govern something.,The school board has chosen new textbooks for all the schools.,/bɔː(r)d/,https://commons.wikimedia.org/wiki/Special:Redirect/file/en-us-board.ogg,https://en.wiktionary.org/wiki/board
boat,A1,noun,A boat is a vehicle used to travel on water.,"At the lake, the children learn about fishing and boat safety.",/boʊt/,https://commons.wikimedia.org/wiki/Special:Redirect/file/en-us-boat.ogg,https://en.wiktionary.org/wiki/boat
body,A1,noun,"A body is the main part of a person, animal, physical object, or organisation.","After falling out of the tree, his arm was broken and his body hurt all over.",/ˈbɑdi/,https://commons.wikimedia.org/wiki/Special:Redirect/file/en-us-body.ogg,https://en.wiktionary.org/wiki/body
bone,A1,noun,"Bones are the hard, white things inside your body. They give your body its shape.",How many bones did a dinosaur have?,/bəʊn/,https://commons.wikimedia.org/wiki/Special:Redirect/file/en-us-bone.ogg,https://en.wiktionary.org/wiki/bone
book,A1,noun,A book is a lot of paper joined together with writing and pictures printed on them for you to read or write in.,"I borrow books from the library, and keep them in a bookcase.",/bʊk/,https://commons.wikimedia.org/wiki/Special:Redirect/file/en-us-book.ogg,https://en.wiktionary.org/wiki/book
bookstore,A1,noun,A bookstore is a store that sells books.,Which bookstore do you wish to go to?,/ˈbʊkstɔː/,https://commons.wikimedia.org/wiki/Special:Redirect/file/LL-Q1860%20%28eng%29-Wodencafe-bookstore.wav,https://en.wiktionary.org/wiki/bookstore
boring,A1,adjective,"If something is boring, it is not interesting or makes you want to do something else.","Go to work, come home, sleep: life is so boring.",/ˈbɔːrɪŋ/,https://commons.wikimedia.org/wiki/Special:Redirect/file/en-us-boring.ogg,https://en.wiktionary.org/wiki/boring
borrow,A1,verb,"If you borrow something from someone, you use it and then you give it back to them.",Governments need to make it easier for students to borrow money for school.,/ˈbɑroʊ/,https://commons.wikimedia.org/wiki/Special:Redirect/file/en-us-borrow.ogg,https://en.wiktionary.org/wiki/borrow
both,A1,determiner,"When there are two things, both is the first thing and the second thing.",Jim took both the apple and the orange.,/boʊθ/,https://commons.wikimedia.org/wiki/Special:Redirect/file/en-us-both.ogg,https://en.wiktionary.org/wiki/both
bottle,A1,noun,"A bottle is a container, usually made of glass that holds liquid and has a cap or stopper.",He drank cold water from a plastic bottle.,/ˈbɑtəl/,https://commons.wikimedia.org/wiki/Special:Redirect/file/en-us-bottle.ogg,https://en.wiktionary.org/wiki/bottle
bottom,A1,noun,The bottom of something is its lowest part.,Lucy took a pen and wrote her name at the bottom of the page.,/ˈbɑtəm/,https://commons.wikimedia.org/wiki/Special:Redirect/file/en-us-bottom.ogg,https://en.wiktionary.org/wiki/bottom
bowl,A1,noun,A bowl is a deep dish.,"In large mixing bowl, stir together flours, baking powder, and salt until thoroughly combined.",/boʊl/,https://commons.wikimedia.org/wiki/Special:Redirect/file/en-us-bowl.ogg,https://en.wiktionary.org/wiki/bowl
box,A1,noun,"A box is a square container, usually with four sides, a top and a bottom.",We had big cardboard boxes filled with the stuff.,/bɑːks/,https://commons.wikimedia.org/wiki/Special:Redirect/file/en-us-box.ogg,https://en.wiktionary.org/wiki/box
boy,A1,noun,A boy is a male child or teenager; someone who is not a man yet.,He had a pretty wife and two little ones: a boy and a girl.,/bɔɪ/,https://commons.wikimedia.org/wiki/Special:Redirect/file/en-us-boy.ogg,https://en.wiktionary.org/wiki/boy
boyfriend,A1,noun,"Boyfriend normally describes a boy or a young man, who is in a love relationship with another person, when they aren't married yet.","I didn't have a boyfriend, and I thought that it was because I was too fat.",/ˈbɔɪˌfrɛnd/,https://commons.wikimedia.org/wiki/Special:Redirect/file/en-us-boyfriend.ogg,https://en.wiktionary.org/wiki/boyfriend
brain,A1,noun,Your brain is the part of your body that is inside your head.,The brain is the part of the body that thinks and controls the rest of the body through the nervous system.,/breɪn/,https://commons.wikimedia.org/wiki/Special:Redirect/file/en-us-brain.ogg,https://en.wiktionary.org/wiki/brain
bread,A1,noun,"Bread is food made from mixing flour, water, and yeast.",Small children love eating bread and butter.,/brɛd/,https://commons.wikimedia.org/wiki/Special:Redirect/file/en-us-bread.ogg,https://en.wiktionary.org/wiki/bread
break,A1,verb,"If you break something, you make it come apart in a way that cannot easily be put back together, usually by force.",He injured his leg and broke his foot during the crash.,/breɪk/,https://commons.wikimedia.org/wiki/Special:Redirect/file/en-us-break.ogg,https://en.wiktionary.org/wiki/break
breakfast,A1,noun,Breakfast is the first meal that we eat in the morning.,I'm late for school. I don't have time for breakfast today.,/ˈbrɛkfəst/,https://commons.wikimedia.org/wiki/Special:Redirect/file/en-us-breakfast.ogg,https://en.wiktionary.org/wiki/breakfast
bridge,A1,noun,"Anything which avoids something which blocks a path, usually water, by going over the top of it.",The Golden Gate Bridge connects the two sides of California.,/brɪdʒ/,https://commons.wikimedia.org/wiki/Special:Redirect/file/en-us-bridge.ogg,https://en.wiktionary.org/wiki/bridge
bright,A1,adjective,If something is bright it gives out or fills with much light.,The sun is very bright during summer.,/braɪt/,https://commons.wikimedia.org/wiki/Special:Redirect/file/en-us-bright.ogg,https://en.wiktionary.org/wiki/bright
bring,A1,verb,"When you say ""you bring"" something to someone, you carry it with you to that someone.",You bring lunch to me every day.,/ˈbrɪŋ/,https://commons.wikimedia.org/wiki/Special:Redirect/file/en-us-bring.ogg,https://en.wiktionary.org/wiki/bring
broken,A1,adjective,Something that is broken is not as it should be because it has been damaged or injured,The broken cup lay in pieces on the floor.,/ˈbrəʊkən/,https://commons.wikimedia.org/wiki/Special:Redirect/file/en-us-broken.ogg,https://en.wiktionary.org/wiki/broken
brother,A1,noun,Your brother is another male child of one or both of your parents.,Two sisters and their brother played in the park yesterday,/ˈbrʌðə(r)/,https://commons.wikimedia.org/wiki/Special:Redirect/file/en-us-brother.ogg,https://en.wiktionary.org/wiki/brother
brush,A1,verb,"If you brush something, you clean it with a brush.",I forgot to brush my teeth before going to bed.,/brʌʃ/,https://commons.wikimedia.org/wiki/Special:Redirect/file/en-us-brush.ogg,https://en.wiktionary.org/wiki/brush
build,A1,verb,"If you build something, you make it out of pieces of other things.",I built the house with wood and stone.,/bɪld/,https://commons.wikimedia.org/wiki/Special:Redirect/file/en-us-build.ogg,https://en.wiktionary.org/wiki/build
building,A1,noun,"A building consists of walls, a foundation and a roof that together close in some space.",I work in the Chrysler Building.,/ˈbɪldɪŋ/,https://commons.wikimedia.org/wiki/Special:Redirect/file/en-us-building.ogg,https://en.wiktionary.org/wiki/building
bus,A1,noun,A bus is a vehicle that carries a large number of people on roads.,"He ran to catch the school bus, which had stopped at a corner to pick up more kids.",/ˈbʌs/,https://commons.wikimedia.org/wiki/Special:Redirect/file/en-us-bus.ogg,https://en.wiktionary.org/wiki/bus
business,A1,noun,Business is the buying and selling of things or services.,I am in the business of catching fish and selling them.,/ˈbɪz.nɪs/,https://commons.wikimedia.org/wiki/Special:Redirect/file/en-us-business.ogg,https://en.wiktionary.org/wiki/business
